case,test_name,partner,base_url,admin_username,admin_password,login_username,login_password
test_0002,Set service url,2438361,mediaspace.kaltura.com,pythonautomation1@mailinator.com,Kaltura1!,apps.qa.automation@mailinator.com,Kaltura1!
test_2109,Moodle - Preview all kinds of media from My Media and Gallery,,,pythonautomation1@mailinator.com,Kaltura1!,automoodle,Kaltura1!
test_2104,Moodle - Delete through my media,,,pythonautomation1@mailinator.com,Kaltura1!,automoodle,Kaltura1!
test_2105,Moodle - Delete through edit entry page,,,pythonautomation1@mailinator.com,Kaltura1!,automoodle,Kaltura1!
test_2106,Moodle - Publish after upload,,,pythonautomation1@mailinator.com,Kaltura1!,automoodle,Kaltura1!
test_2114,Moodle -Search Media (by entry name),,,pythonautomation1@mailinator.com,Kaltura1!,automoodle,Kaltura1!
test_2115,Moodle -Search Media (by entry tag),,,pythonautomation1@mailinator.com,Kaltura1!,automoodle,Kaltura1!
test_2107,Moodle - Publish from my media (single and multiple),,,pythonautomation1@mailinator.com,Kaltura1!,automoodle,Kaltura1!
test_2108,Moodle - Publish From Entry Page,,,pythonautomation1@mailinator.com,Kaltura1!,automoodle,Kaltura1!
test_2111,Moodle - Upload media from desktop,,,pythonautomation1@mailinator.com,Kaltura1!,automoodle,Kaltura1!
test_2127,Moodle - Embed media in site blogs from my media,,,pythonautomation1@mailinator.com,Kaltura1!,automoodle,Kaltura1!
test_2110,Moodle - View Collapsed Expanded Modes,,,pythonautomation1@mailinator.com,Kaltura1!,automoodle,Kaltura1!
test_2116,Moodle - My Media - Sort Media,,,pythonautomation1@mailinator.com,Kaltura1!,automoodle,Kaltura1!
test_2118,Moodle - My Media - Filter by media Type,,,pythonautomation1@mailinator.com,Kaltura1!,automoodle,Kaltura1!
test_2117,Moodle - My Media - Filter Media View Different Statuses,,,pythonautomation1@mailinator.com,Kaltura1!,student,Kaltura1!
test_2119,Moodle - Edit Entry Metadata,,,pythonautomation1@mailinator.com,Kaltura1!,automoodle,Kaltura1!
test_2120,Moodle - Edit Entry page - Disable comments,,,pythonautomation1@mailinator.com,Kaltura1!,automoodle,Kaltura1!
test_2121,Moodle - Edit Entry page - Close discussion,,,pythonautomation1@mailinator.com,Kaltura1!,automoodle,Kaltura1!
test_2123,Moodle - Entry page - Add captions And Search - remove caption,,,pythonautomation1@mailinator.com,Kaltura1!,automoodle,Kaltura1!
test_594,KAF BB - Entry Thumbnail,,,pythonautomation1@mailinator.com,Kaltura1!,apps.qa.automation@mailinator.com,Kaltura1!
test_109,KAF BB - Embed Media As Standalone From Kaltura media,,,apps.qa.automation@mailinator.com,Kaltura1!,apps.qa.automation@mailinator.com,Kaltura1!
test_113,KAF BB - Embed Media From SR - Add New Announcements,,,apps.qa.automation@mailinator.com,Kaltura1!,apps.qa.automation@mailinator.com,Kaltura1!
test_604,KAF BB - Upload media from desktop,,,pythonautomation1@mailinator.com,Kaltura1!,apps.qa.automation@mailinator.com,Kaltura1!
test_589,KAF BB - Edit Entry Metadata,,,pythonautomation1@mailinator.com,Kaltura1!,apps.qa.automation@mailinator.com,Kaltura1!
test_590,KAF BB - Edit Entry page - Disable comments,,,pythonautomation1@mailinator.com,Kaltura1!,apps.qa.automation@mailinator.com,Kaltura1!
test_591,KAF BB - Edit Entry page - Close discussion,,,pythonautomation1@mailinator.com,Kaltura1!,apps.qa.automation@mailinator.com,Kaltura1!
test_593,KAF BB - Entry page - Add captions And Search,,,pythonautomation1@mailinator.com,Kaltura1!,apps.qa.automation@mailinator.com,Kaltura1!
test_597,KAF BB - Delete through my media,,,pythonautomation1@mailinator.com,Kaltura1!,apps.qa.automation@mailinator.com,Kaltura1!
test_598,KAF BB - Delete through edit entry page,,,pythonautomation1@mailinator.com,Kaltura1!,apps.qa.automation@mailinator.com,Kaltura1!
test_602,KAF BB - Preview all kinds of media from my media,,,pythonautomation1@mailinator.com,Kaltura1!,apps.qa.automation@mailinator.com,Kaltura1!
test_599,KAF BB - Publish after upload,,,pythonautomation1@mailinator.com,Kaltura1!,apps.qa.automation@mailinator.com,Kaltura1!
test_600,KAF BB - Publish from my media (single and multi),,,pythonautomation1@mailinator.com,Kaltura1!,apps.qa.automation@mailinator.com,Kaltura1!
test_603,KAF BB - View Collapsed Expanded Modes,,,pythonautomation1@mailinator.com,Kaltura1!,apps.qa.automation@mailinator.com,Kaltura1!
test_601,KAF BB - Publish From Entry Page,,,pythonautomation1@mailinator.com,Kaltura1!,apps.qa.automation@mailinator.com,Kaltura1!
test_608,KAF BB - My Media - Search by Name / Description / Tags,,,pythonautomation1@mailinator.com,Kaltura1!,apps.qa.automation@mailinator.com,Kaltura1!
test_609,KAF BB - My Media - Sort Media,,,pythonautomation1@mailinator.com,Kaltura1!,apps.qa.automation@mailinator.com,Kaltura1!
test_611,KAF BB - My Media - Sort Media,,,pythonautomation1@mailinator.com,Kaltura1!,apps.qa.automation@mailinator.com,Kaltura1!
test_4225,KAF BB - Remove Media From Media Gallery,,,pythonautomation1@mailinator.com,Kaltura1!,apps.qa.automation@mailinator.com,Kaltura1!
test_610,KAF BB - My Media - Filter Media View Different Statuses,,,pythonautomation1@mailinator.com,Kaltura1!,kstudent,123456
test_111,KAF BB - Enable / Disable faculty repository,,,pythonautomation1@mailinator.com,Kaltura1!,apps.qa.automation@mailinator.com,Kaltura1!
test_222,KAF BB - Adding media to Faculty Repository From My Media,,,pythonautomation1@mailinator.com,Kaltura1!,apps.qa.automation@mailinator.com,Kaltura1!
test_1648,KAF BB - Upload new media to Faculty Repository and then publish entries to course,,,apps.qa.automation@mailinator.com,Kaltura1!,apps.qa.automation@mailinator.com,Kaltura1!
test_114,KAF BB - Add Remove Featured Media Module,,,pythonautomation1@mailinator.com,Kaltura1!,apps.qa.automation@mailinator.com,Kaltura1!
test_4424,KAF BB -upload media from media gallery page,,,pythonautomation1@mailinator.com,Kaltura1!,apps.qa.automation@mailinator.com,Kaltura1!
test_2087,KAF BB - Embed Media As Standalone From Wysiwyg,,,pythonautomation1@mailinator.com,Kaltura1!,apps.qa.automation@mailinator.com,Kaltura1!
test_2088,KAF BB - Upload From Embed As Standalone,,,pythonautomation1@mailinator.com,Kaltura1!,apps.qa.automation@mailinator.com,Kaltura1!
test_706,Publish to channel multiple,2370151,mediaspace.kaltura.com,pythonautomation1@mailinator.com,Kaltura1!,python_automation,Kaltura1!
test_3277,Add collaborator co edit - details tab,2370151,mediaspace.kaltura.com,pythonautomation1@mailinator.com,Kaltura1!,python_automation,Kaltura1!
test_3278,Add collaborator co edit - options tab,2370151,mediaspace.kaltura.com,pythonautomation1@mailinator.com,Kaltura1!,python_automation,Kaltura1!
test_3279,Add collaborator co edit - thumbnail tab,2370151,mediaspace.kaltura.com,pythonautomation1@mailinator.com,Kaltura1!,python_automation,Kaltura1!
test_3280,Add collaborator co edit - cpation tab,2370151,mediaspace.kaltura.com,pythonautomation1@mailinator.com,Kaltura1!,python_automation,Kaltura1!
test_3281,Add collaborator co publish,2370151,mediaspace.kaltura.com,pythonautomation1@mailinator.com,Kaltura1!,python_automation,Kaltura1!
test_3282,Add collaborator co edit,2370151,mediaspace.kaltura.com,pythonautomation1@mailinator.com,Kaltura1!,python_automation,Kaltura1!
test_3273,Slide Deck Upload,2370151,mediaspace.kaltura.com,pythonautomation1@mailinator.com,Kaltura1!,python_automation,Kaltura1!
test_3274,Slide Deck Upload - delete slides,2370151,mediaspace.kaltura.com,pythonautomation1@mailinator.com,Kaltura1!,python_automation,Kaltura1!
test_3275,Slide Deck Upload - add / remove chapters,2370151,mediaspace.kaltura.com,pythonautomation1@mailinator.com,Kaltura1!,python_automation,Kaltura1!
test_3276,Slide Deck Upload - change slide location,2370151,mediaspace.kaltura.com,pythonautomation1@mailinator.com,Kaltura1!,python_automation,Kaltura1!
test_3283,Slide Deck Upload- A-sync upload,2370151,mediaspace.kaltura.com,pythonautomation1@mailinator.com,Kaltura1!,python_automation,Kaltura1!
test_3284,Slide Deck Upload- search slides,2370151,mediaspace.kaltura.com,pythonautomation1@mailinator.com,Kaltura1!,python_automation,Kaltura1!
test_2869,KEA trim,2438361-1,mediaspace.kaltura.com,pythonautomation1@mailinator.com,Kaltura1!,apps.qa.automation@mailinator.com,Kaltura1!
test_4455,KEA clip,2438361-1,mediaspace.kaltura.com,pythonautomation1@mailinator.com,Kaltura1!,apps.qa.automation@mailinator.com,Kaltura1!
test_4458,KEA trim entry with slides,2438361-1,mediaspace.kaltura.com,pythonautomation1@mailinator.com,Kaltura1!,apps.qa.automation@mailinator.com,Kaltura1!
test_4465,KEA clip entry with slides,2438361-1,mediaspace.kaltura.com,pythonautomation1@mailinator.com,Kaltura1!,apps.qa.automation@mailinator.com,Kaltura1!
test_4482,KEA trim Quiz entry,2438361-1,mediaspace.kaltura.com,pythonautomation1@mailinator.com,Kaltura1!,apps.qa.automation@mailinator.com,Kaltura1!
test_4513,KEA clip Quiz entry,2438361-1,mediaspace.kaltura.com,pythonautomation1@mailinator.com,Kaltura1!,apps.qa.automation@mailinator.com,Kaltura1!
test_1027,Edit entry - thumbnail tab,2370151,mediaspace.kaltura.com,pythonautomation1@mailinator.com,Kaltura1!,python_automation,Kaltura1!
test_653,Free trial,2370151,mediaspace.kaltura.com,pythonautomation1@mailinator.com,Kaltura1!,python_automation,Kaltura1!
test_1573,Home Page Playlist,2370151,mediaspace.kaltura.com,pythonautomation1@mailinator.com,Kaltura1!,python_automation,Kaltura1!
test_643,Home Page Carousel,2370151,mediaspace.kaltura.com,pythonautomation1@mailinator.com,Kaltura1!,python_automation,Kaltura1!
test_709,Category - Entries details,2370151,mediaspace.kaltura.com,pythonautomation1@mailinator.com,Kaltura1!,python_automation,Kaltura1!
test_734,Channel - Entries details,2370151,mediaspace.kaltura.com,pythonautomation1@mailinator.com,Kaltura1!,python_automation,Kaltura1!
test_731,Channel page Information,2370151,mediaspace.kaltura.com,pythonautomation1@mailinator.com,Kaltura1!,python_automation,Kaltura1!
test_732,Channel page - Add New Media to channel,2370151,mediaspace.kaltura.com,pythonautomation1@mailinator.com,Kaltura1!,python_automation,Kaltura1!
test_672,My media - Navigate to entry page,2370151,mediaspace.kaltura.com,pythonautomation1@mailinator.com,Kaltura1!,python_automation,Kaltura1!
test_665,My media - Search in my media,2370151,mediaspace.kaltura.com,pythonautomation1@mailinator.com,Kaltura1!,python_automation,Kaltura1!
test_728,My Channels - Search as member,2370151,mediaspace.kaltura.com,pythonautomation1@mailinator.com,Kaltura1!,python_automation,Kaltura1!
test_727,My Channels - Search as manager,2370151,mediaspace.kaltura.com,pythonautomation1@mailinator.com,Kaltura1!,python_automation,Kaltura1!
test_729,My Channels - Search as subscriber,2370151,mediaspace.kaltura.com,pythonautomation1@mailinator.com,Kaltura1!,python_automation,Kaltura1!
test_726,My Channels - Filter view,2370151,mediaspace.kaltura.com,pythonautomation1@mailinator.com,Kaltura1!,python_automation,Kaltura1!
test_724,My Channels - Sort Channels,2370151,mediaspace.kaltura.com,pythonautomation1@mailinator.com,Kaltura1!,python_automation,Kaltura1!
test_668,My Media - Sort media,2370151,mediaspace.kaltura.com,pythonautomation1@mailinator.com,Kaltura1!,python_automation,Kaltura1!
test_667,My Media - Filter by media Type,2370151,mediaspace.kaltura.com,pythonautomation1@mailinator.com,Kaltura1!,python_automation,Kaltura1!
test_666,My Media - Filter by status,2370151,mediaspace.kaltura.com,pythonautomation1@mailinator.com,Kaltura1!,python_automation,Kaltura1!
test_670,My Media - Expand media details,2370151,mediaspace.kaltura.com,pythonautomation1@mailinator.com,Kaltura1!,python_automation,Kaltura1!
test_669,My Media - View: Collapsed,2370151,mediaspace.kaltura.com,pythonautomation1@mailinator.com,Kaltura1!,python_automation,Kaltura1!
test_747,Channel page - Shared Repository,2370151,mediaspace.kaltura.com,pythonautomation1@mailinator.com,Kaltura1!,python_automation,Kaltura1!
test_722,Categories - Browse channels,2370151,mediaspace.kaltura.com,pythonautomation1@mailinator.com,Kaltura1!,python_automation,Kaltura1!
test_741,Channel page - Enable subscription in channel,2370151,mediaspace.kaltura.com,pythonautomation1@mailinator.com,Kaltura1!,python_automation,Kaltura1!
test_711,Categories - Edit metadata,2370151,mediaspace.kaltura.com,pythonautomation1@mailinator.com,Kaltura1!,python_automation,Kaltura1!
test_638,Global Search for Media,2370151,mediaspace.kaltura.com,pythonautomation1@mailinator.com,Kaltura1!,python_automation,Kaltura1!
test_2510,Global Search for Category,2370151,mediaspace.kaltura.com,pythonautomation1@mailinator.com,Kaltura1!,python_automation,Kaltura1!
test_637,Global Search for Channel,2370151,mediaspace.kaltura.com,pythonautomation1@mailinator.com,Kaltura1!,python_automation,Kaltura1!
test_639,Global Search for Captions in Video,2370151,mediaspace.kaltura.com,pythonautomation1@mailinator.com,Kaltura1!,python_automation,Kaltura1!
test_1026,Publish from upload page,2370151,mediaspace.kaltura.com,pythonautomation1@mailinator.com,Kaltura1!,python_automation,Kaltura1!
test_716,Categories Type,2370151,mediaspace.kaltura.com,pythonautomation1@mailinator.com,Kaltura1!,python_automation,Kaltura1!
test_651,Navigate to entry page from upload page,2370151,mediaspace.kaltura.com,pythonautomation1@mailinator.com,Kaltura1!,python_automation,Kaltura1!
test_1395,Channel Type (Open / Restricted / Private),2370151,mediaspace.kaltura.com,pythonautomation1@mailinator.com,Kaltura1!,python_automation,Kaltura1!
test_735,Channel page - Search in channel,2370151,mediaspace.kaltura.com,pythonautomation1@mailinator.com,Kaltura1!,python_automation,Kaltura1!
test_730,My Channels - Create Channel,2370151,mediaspace.kaltura.com,pythonautomation1@mailinator.com,Kaltura1!,python_automation,Kaltura1!
test_738,Channel page - Edit metadata,2370151,mediaspace.kaltura.com,pythonautomation1@mailinator.com,Kaltura1!,python_automation,Kaltura1!
test_714,Categories - Enable Disable comments in category,2370151,mediaspace.kaltura.com,pythonautomation1@mailinator.com,Kaltura1!,python_automation,Kaltura1!
test_712,Categories - Members tab,2370151,mediaspace.kaltura.com,pythonautomation1@mailinator.com,Kaltura1!,python_automation,Kaltura1!
test_721,Categories - Import Mermbers,2370151,mediaspace.kaltura.com,pythonautomation1@mailinator.com,Kaltura1!,python_automation,Kaltura1!
test_719,Categories - Enable / Disable Inherit permissions,2370151,mediaspace.kaltura.com,pythonautomation1@mailinator.com,Kaltura1!,python_automation,Kaltura1!
test_1025,Categories - Sort media on category page,2370151,mediaspace.kaltura.com,pythonautomation1@mailinator.com,Kaltura1!,python_automation,Kaltura1!
test_641,Navigation,2370151-1,mediaspace.kaltura.com,pythonautomation1@mailinator.com,Kaltura1!,python_automation,Kaltura1!
test_644,Upload media from desktop and verify player,2370151,mediaspace.kaltura.com,pythonautomation1@mailinator.com,Kaltura1!,python_automation,Kaltura1!
test_1594,Entry required field,2373952-3,mediaspace.kaltura.com,inbar.willman@kaltura.com,Kaltura1!,inbar.willman@kaltura.com,Kaltura1!
test_2565,Watch History - Add entry (Private) to watch list history,2373952-4,mediaspace.kaltura.com,inbar.willman@kaltura.com,Kaltura1!,inbar.willman@kaltura.com,Kaltura1!
test_2566,Watch History - Add entry (Published to channel- public) to watch list history,2373952-4,mediaspace.kaltura.com,inbar.willman@kaltura.com,Kaltura1!,inbar.willman@kaltura.com,Kaltura1!
test_2567,Watch History - delete entry (Published to channel) from watch list history,2373952-4,mediaspace.kaltura.com,inbar.willman@kaltura.com,Kaltura1!,inbar.willman@kaltura.com,Kaltura1!
test_2568,Watch History - delete multiple entries from watch list history,2373952-4,mediaspace.kaltura.com,inbar.willman@kaltura.com,Kaltura1!,inbar.willman@kaltura.com,Kaltura1!
test_2569,Watch History - clear history,2373952-5,mediaspace.kaltura.com,inbar.willman@kaltura.com,Kaltura1!,inbar.willman@kaltura.com,Kaltura1!
test_2571,Watch History - Add entry audio (Private) to watch list history,2373952-4,mediaspace.kaltura.com,inbar.willman@kaltura.com,Kaltura1!,inbar.willman@kaltura.com,Kaltura1!
test_2573,Watch History - Add quiz entry (Private) to watch list history,2373952-4,mediaspace.kaltura.com,inbar.willman@kaltura.com,Kaltura1!,inbar.willman@kaltura.com,Kaltura1!
test_2579,Watch History - Add entry (Published to channel- Private) to watch list history,2373952-4,mediaspace.kaltura.com,inbar.willman@kaltura.com,Kaltura1!,inbar.willman@kaltura.com,Kaltura1!
test_2580,Watch History - Add entry (Published to channel- Restricted) to watch list history,2373952-4,mediaspace.kaltura.com,inbar.willman@kaltura.com,Kaltura1!,inbar.willman@kaltura.com,Kaltura1!
test_2581,Watch History - Add entry (Published to channel- Open) to watch list history,2373952-4,mediaspace.kaltura.com,inbar.willman@kaltura.com,Kaltura1!,inbar.willman@kaltura.com,Kaltura1!
test_2582,Watch History - Add entry (Published to Category - public) to watch list history,2373952-4,mediaspace.kaltura.com,inbar.willman@kaltura.com,Kaltura1!,inbar.willman@kaltura.com,Kaltura1!
test_2606,Watch History - Delete Entry from KMS,2373952-4,mediaspace.kaltura.com,inbar.willman@kaltura.com,Kaltura1!,inbar.willman@kaltura.com,Kaltura1!
test_2648,Watch History - Entry appear in watch list history after change privacy,2373952-4,mediaspace.kaltura.com,inbar.willman@kaltura.com,Kaltura1!,inbar.willman@kaltura.com,Kaltura1!
test_2667,Watch History - Entry Viewed in channel,2373952-4,mediaspace.kaltura.com,inbar.willman@kaltura.com,Kaltura1!,inbar.willman@kaltura.com,Kaltura1!
test_2668,Watch History - Entry Viewed in gallery,2373952-4,mediaspace.kaltura.com,inbar.willman@kaltura.com,Kaltura1!,inbar.willman@kaltura.com,Kaltura1!
test_2671,Watch History - Youtube Viewed in,2373952-4,mediaspace.kaltura.com,inbar.willman@kaltura.com,Kaltura1!,inbar.willman@kaltura.com,Kaltura1!
test_2673,Watch History - Entry Viewed in Embed,2373952-4,mediaspace.kaltura.com,inbar.willman@kaltura.com,Kaltura1!,inbar.willman@kaltura.com,Kaltura1!
test_2679,Watch History - Resume playback,2373952-4,mediaspace.kaltura.com,inbar.willman@kaltura.com,Kaltura1!,inbar.willman@kaltura.com,Kaltura1!
test_2694,Watch History - Search by Description,2373952-4,mediaspace.kaltura.com,inbar.willman@kaltura.com,Kaltura1!,inbar.willman@kaltura.com,Kaltura1!
test_2728,Watch History - Continue Watching playlist in home page,2373952-4,mediaspace.kaltura.com,inbar.willman@kaltura.com,Kaltura1!,inbar.willman@kaltura.com,Kaltura1!
test_2742,Watch History - Entry appear in both continue watch and recently watched playlists-Replay,2373952-4,mediaspace.kaltura.com,inbar.willman@kaltura.com,Kaltura1!,inbar.willman@kaltura.com,Kaltura1!
test_2750,Watch History - Recently Watched playlist in home page,2373952-4,mediaspace.kaltura.com,inbar.willman@kaltura.com,Kaltura1!,inbar.willman@kaltura.com,Kaltura1!
test_2755,Watch History - Recently Watched playlist in home page - audio,2373952-4,mediaspace.kaltura.com,inbar.willman@kaltura.com,Kaltura1!,inbar.willman@kaltura.com,Kaltura1!
test_2757,Watch History - Recently Watched playlist in home page - Quiz,2373952-4,mediaspace.kaltura.com,inbar.willman@kaltura.com,Kaltura1!,inbar.willman@kaltura.com,Kaltura1!
test_687,Entry page - Embed Entry,2373952-4,mediaspace.kaltura.com,inbar.willman@kaltura.com,Kaltura1!,inbar.willman@kaltura.com,Kaltura1!
test_637,Playlists - Embed playlist,2373952-4,mediaspace.kaltura.com,inbar.willman@kaltura.com,Kaltura1!,inbar.willman@kaltura.com,Kaltura1!
test_695,Entry page - Add caption,2370151,mediaspace.kaltura.com,pythonautomation1@mailinator.com,Kaltura1!,python_automation,Kaltura1!
test_739,Channel - Members tab,2370151,mediaspace.kaltura.com,pythonautomation1@mailinator.com,Kaltura1!,python_automation,Kaltura1!
test_699,Entry page - Disable comments,2370151,mediaspace.kaltura.com,pythonautomation1@mailinator.com,Kaltura1!,python_automation,Kaltura1!
test_698,Entry page - Close discussion,2370151,mediaspace.kaltura.com,pythonautomation1@mailinator.com,Kaltura1!,python_automation,Kaltura1!
test_697,Entry page - Add comment,2370151,mediaspace.kaltura.com,pythonautomation1@mailinator.com,Kaltura1!,python_automation,Kaltura1!
test_703,Entry page - Replace video,2370151,mediaspace.kaltura.com,pythonautomation1@mailinator.com,Kaltura1!,python_automation,Kaltura1!
test_676,Playlists - Add to playlist Entry already existing inside,2370151,mediaspace.kaltura.com,pythonautomation1@mailinator.com,Kaltura1!,python_automation,Kaltura1!
test_692,Entry page - Side My Media,2370151,mediaspace.kaltura.com,pythonautomation1@mailinator.com,Kaltura1!,python_automation,Kaltura1!
test_702,Entry page - Attachments,2370151,mediaspace.kaltura.com,pythonautomation1@mailinator.com,Kaltura1!,python_automation,Kaltura1!
test_662,My Media - Publish to category - single,2370151,mediaspace.kaltura.com,pythonautomation1@mailinator.com,Kaltura1!,python_automation,Kaltura1!
test_664,My Media - Publish to category - multiple,2370151,mediaspace.kaltura.com,pythonautomation1@mailinator.com,Kaltura1!,python_automation,Kaltura1!
test_663,My Media - Publish to channel - multiple,2370151,mediaspace.kaltura.com,pythonautomation1@mailinator.com,Kaltura1!,python_automation,Kaltura1!
test_661,My Media - Publish to channel - single,2370151,mediaspace.kaltura.com,pythonautomation1@mailinator.com,Kaltura1!,python_automation,Kaltura1!
test_671,My Media - Navigate to Edit Entry page from My Media,2370151,mediaspace.kaltura.com,pythonautomation1@mailinator.com,Kaltura1!,python_automation,Kaltura1!
test_658,My Media - Add to a new playlist - Single,2370151,mediaspace.kaltura.com,pythonautomation1@mailinator.com,Kaltura1!,python_automation,Kaltura1!
test_656,My Media - Add to a new playlist- multiple,2370151,mediaspace.kaltura.com,pythonautomation1@mailinator.com,Kaltura1!,python_automation,Kaltura1!
test_657,My Media - Add to an existing playlist - Single,2370151,mediaspace.kaltura.com,pythonautomation1@mailinator.com,Kaltura1!,python_automation,Kaltura1!
test_655,My Media - Add to existing playlist - multiple,2370151,mediaspace.kaltura.com,pythonautomation1@mailinator.com,Kaltura1!,python_automation,Kaltura1!
test_659,My Media - Delete - multiple,2370151,mediaspace.kaltura.com,pythonautomation1@mailinator.com,Kaltura1!,python_automation,Kaltura1!
test_660,My Media - Delete - single,2370151,mediaspace.kaltura.com,pythonautomation1@mailinator.com,Kaltura1!,python_automation,Kaltura1!
test_694,Entry page - Publish to category from entry page,2370151,mediaspace.kaltura.com,pythonautomation1@mailinator.com,Kaltura1!,python_automation,Kaltura1!
test_693,Entry page - Publish to channel from entry page,2370151,mediaspace.kaltura.com,pythonautomation1@mailinator.com,Kaltura1!,python_automation,Kaltura1!
test_686,Entry page - Like Unlike,2370151,mediaspace.kaltura.com,pythonautomation1@mailinator.com,Kaltura1!,python_automation,Kaltura1!
test_688,Entry page - Delete media from entry page,2370151,mediaspace.kaltura.com,pythonautomation1@mailinator.com,Kaltura1!,python_automation,Kaltura1!
test_689,Entry page - Add to playlist from entry page,2370151,mediaspace.kaltura.com,pythonautomation1@mailinator.com,Kaltura1!,python_automation,Kaltura1!
test_691,Entry page - Related Media,2370151,mediaspace.kaltura.com,pythonautomation1@mailinator.com,Kaltura1!,python_automation,Kaltura1!
test_684,Entry page - Navigate to Edit Entry Page from Entry Page,2370151,mediaspace.kaltura.com,pythonautomation1@mailinator.com,Kaltura1!,python_automation,Kaltura1!
test_685,Entry page - Edit Metadata,2370151,mediaspace.kaltura.com,pythonautomation1@mailinator.com,Kaltura1!,python_automation,Kaltura1!
test_707,Categories - Add new media from my media to category,2370151,mediaspace.kaltura.com,pythonautomation1@mailinator.com,Kaltura1!,python_automation,Kaltura1!
test_705,Categories - Search in category,2370151,mediaspace.kaltura.com,pythonautomation1@mailinator.com,Kaltura1!,python_automation,Kaltura1!
test_710,Categories - Edit Entry link,2370151,mediaspace.kaltura.com,pythonautomation1@mailinator.com,Kaltura1!,python_automation,Kaltura1!
test_2693,Watch History - Search by name,2373952-4,mediaspace.kaltura.com,inbar.willman@kaltura.com,Kaltura1!,inbar.willman@kaltura.com,Kaltura1!
test_2697,Watch History - Filter Â– media type - video,2373952-4,mediaspace.kaltura.com,inbar.willman@kaltura.com,Kaltura1!,inbar.willman@kaltura.com,Kaltura1!
test_2702,Watch History - Filter by watch status,2373952-4,mediaspace.kaltura.com,inbar.willman@kaltura.com,Kaltura1!,inbar.willman@kaltura.com,Kaltura1!
test_3902,Sort by - Galleries page,2373952-6,mediaspace.kaltura.com,inbar.willman@kaltura.com,Kaltura1!,inbar.willman@kaltura.com,Kaltura1!
test_3901,Sort by - My Channels - when search is made,2373952-6,mediaspace.kaltura.com,inbar.willman@kaltura.com,Kaltura1!,inbar.willman@kaltura.com,Kaltura1!
test_4309,Sort by - Channels - when search is made,2373952-6,mediaspace.kaltura.com,inbar.willman@kaltura.com,Kaltura1!,inbar.willman@kaltura.com,Kaltura1!
test_4311,eSearch - Sort by - My Media - when search is made,2443872,mediaspace.kaltura.com,inbar.willman@kaltura.com,Kaltura1!,inbar.willman@kaltura.com,Kaltura1!
test_4314,eSearch - Sort by - Global search - when search is made,2443872,mediaspace.kaltura.com,inbar.willman@kaltura.com,Kaltura1!,inbar.willman@kaltura.com,Kaltura1!
test_4315,eSearch - Sort by - Add to channel - My media tab - when search is made,2443872,mediaspace.kaltura.com,inbar.willman@kaltura.com,Kaltura1!,inbar.willman@kaltura.com,Kaltura1!
test_4316,eSearch - Sort by - Add to channel - SR tab - when search is made,2443872,mediaspace.kaltura.com,inbar.willman@kaltura.com,Kaltura1!,inbar.willman@kaltura.com,Kaltura1!
test_4318,eSearch - Sort by - Add to gallery - My Media tab - when search is made,2443872,mediaspace.kaltura.com,inbar.willman@kaltura.com,Kaltura1!,inbar.willman@kaltura.com,Kaltura1!
test_4319,eSearch - Sort by - Add to gallery - SR tab - when search is made,2443872,mediaspace.kaltura.com,inbar.willman@kaltura.com,Kaltura1!,inbar.willman@kaltura.com,Kaltura1!
test_4322,eSearch - Sort by - Channel - media tab - when search is made,2443872,mediaspace.kaltura.com,inbar.willman@kaltura.com,Kaltura1!,inbar.willman@kaltura.com,Kaltura1!
test_4325,eSearch - Sort by - Gallery - media tab - when search is made,2443872,mediaspace.kaltura.com,inbar.willman@kaltura.com,Kaltura1!,inbar.willman@kaltura.com,Kaltura1!
test_4326,eSearch - Sort by - Add new quiz - when search is made,2443872,mediaspace.kaltura.com,inbar.willman@kaltura.com,Kaltura1!,inbar.willman@kaltura.com,Kaltura1!
test_4327,eSearch - Sort by - Channel - pending tab - when search is made,2443872,mediaspace.kaltura.com,inbar.willman@kaltura.com,Kaltura1!,inbar.willman@kaltura.com,Kaltura1!
test_4328,eSearch - Sort by - Gallery - pending tab - when search is made,2443872,mediaspace.kaltura.com,inbar.willman@kaltura.com,Kaltura1!,inbar.willman@kaltura.com,Kaltura1!
test_4343,eSearch - Search In - My Media,2443872,mediaspace.kaltura.com,inbar.willman@kaltura.com,Kaltura1!,inbar.willman@kaltura.com,Kaltura1!
test_4345,eSearch - Search In - Global search,2443872,mediaspace.kaltura.com,inbar.willman@kaltura.com,Kaltura1!,inbar.willman@kaltura.com,Kaltura1!
test_4346,eSearch - Search In - Add to channel - My media tab,2443872,mediaspace.kaltura.com,inbar.willman@kaltura.com,Kaltura1!,inbar.willman@kaltura.com,Kaltura1!
test_4347,eSearch - Search In - Add to channel - SR tab,2443872,mediaspace.kaltura.com,inbar.willman@kaltura.com,Kaltura1!,inbar.willman@kaltura.com,Kaltura1!
test_4348,eSearch - Search In - Add to Gallery - My media tab,2443872,mediaspace.kaltura.com,inbar.willman@kaltura.com,Kaltura1!,inbar.willman@kaltura.com,Kaltura1!
test_4349,eSearch - Search In - Add to Gallery - SR tab,2443872,mediaspace.kaltura.com,inbar.willman@kaltura.com,Kaltura1!,inbar.willman@kaltura.com,Kaltura1!
test_4350,eSearch - Search In - channel - media tab,2443872,mediaspace.kaltura.com,inbar.willman@kaltura.com,Kaltura1!,inbar.willman@kaltura.com,Kaltura1!
test_4351,eSearch - Search In - Gallery - media tab,2443872,mediaspace.kaltura.com,inbar.willman@kaltura.com,Kaltura1!,inbar.willman@kaltura.com,Kaltura1!
test_4352,eSearch - Search In - channel - pending tab,2443872,mediaspace.kaltura.com,inbar.willman@kaltura.com,Kaltura1!,inbar.willman@kaltura.com,Kaltura1!
test_4353,eSearch - Search In - gallery - pending tab,2443872,mediaspace.kaltura.com,inbar.willman@kaltura.com,Kaltura1!,inbar.willman@kaltura.com,Kaltura1!
test_4357,eSearch - Search In - Add new quiz,2443872,mediaspace.kaltura.com,inbar.willman@kaltura.com,Kaltura1!,inbar.willman@kaltura.com,Kaltura1!
test_4361,eSearch - Fields display in results - My Media,2443872,mediaspace.kaltura.com,inbar.willman@kaltura.com,Kaltura1!,inbar.willman@kaltura.com,Kaltura1!
test_4395,eSearch - Fields display in results - Multiple - My Media,2443872,mediaspace.kaltura.com,inbar.willman@kaltura.com,Kaltura1!,inbar.willman@kaltura.com,Kaltura1!
test_4396,eSearch - Fields display in results - Single - Global page,2443872,mediaspace.kaltura.com,inbar.willman@kaltura.com,Kaltura1!,inbar.willman@kaltura.com,Kaltura1!
test_4397,eSearch - Fields display in results - Multiple - Global page,2443872,mediaspace.kaltura.com,inbar.willman@kaltura.com,Kaltura1!,inbar.willman@kaltura.com,Kaltura1!
test_4398,eSearch - Sort by - My Media - when no search is made,2443872,mediaspace.kaltura.com,inbar.willman@kaltura.com,Kaltura1!,inbar.willman@kaltura.com,Kaltura1!
test_4399,eSearch - Sort by - Add to channel - My media tab - when no search is made,2443872,mediaspace.kaltura.com,inbar.willman@kaltura.com,Kaltura1!,inbar.willman@kaltura.com,Kaltura1!
test_4400,eSearch - Sort by - Add to channel - SR tab - when no search is made,2443872,mediaspace.kaltura.com,inbar.willman@kaltura.com,Kaltura1!,inbar.willman@kaltura.com,Kaltura1!
test_4401,eSearch - Sort by - Add to gallery - My media tab - when no search is made,2443872,mediaspace.kaltura.com,inbar.willman@kaltura.com,Kaltura1!,inbar.willman@kaltura.com,Kaltura1!
test_4402,eSearch - Sort by - Add to gallery - SR tab - when no search is made,2443872,mediaspace.kaltura.com,inbar.willman@kaltura.com,Kaltura1!,inbar.willman@kaltura.com,Kaltura1!
test_4403,eSearch - Sort by - Channel - media tab - when search is made,2443872,mediaspace.kaltura.com,inbar.willman@kaltura.com,Kaltura1!,inbar.willman@kaltura.com,Kaltura1!
test_4404,eSearch - Sort by - Gallery - media tab - when no search is made,2443872,mediaspace.kaltura.com,inbar.willman@kaltura.com,Kaltura1!,inbar.willman@kaltura.com,Kaltura1!
test_4405,eSearch - Sort by - Add new quiz - when no search is made,2443872,mediaspace.kaltura.com,inbar.willman@kaltura.com,Kaltura1!,inbar.willman@kaltura.com,Kaltura1!
test_4406,eSearch - Sort by - Channel - pending tab - when no search is made,2443872,mediaspace.kaltura.com,inbar.willman@kaltura.com,Kaltura1!,inbar.willman@kaltura.com,Kaltura1!
test_4407,eSearch - Sort by - Gallery - pending tab - when no search is made,2443872,mediaspace.kaltura.com,inbar.willman@kaltura.com,Kaltura1!,inbar.willman@kaltura.com,Kaltura1!
test_4408,eSearch - Fields display in results - Single - Add to channel - My media tab,2443872,mediaspace.kaltura.com,inbar.willman@kaltura.com,Kaltura1!,inbar.willman@kaltura.com,Kaltura1!
test_4410,eSearch - Fields display in results - Multiple - Add to channel - My media tab,2443872,mediaspace.kaltura.com,inbar.willman@kaltura.com,Kaltura1!,inbar.willman@kaltura.com,Kaltura1!
test_4411,eSearch - Fields display in results - Single - Add to channel - SR tab,2443872,mediaspace.kaltura.com,inbar.willman@kaltura.com,Kaltura1!,inbar.willman@kaltura.com,Kaltura1!
test_4412,eSearch - Fields display in results - Multiple - Add to channel - SR tab,2443872,mediaspace.kaltura.com,inbar.willman@kaltura.com,Kaltura1!,inbar.willman@kaltura.com,Kaltura1!
test_4418,eSearch - Fields display in results - Single - Add to gallery - My media tab,2443872,mediaspace.kaltura.com,inbar.willman@kaltura.com,Kaltura1!,inbar.willman@kaltura.com,Kaltura1!
test_4419,eSearch - Fields display in results - Multiple - Add to gallery - My media tab,2443872,mediaspace.kaltura.com,inbar.willman@kaltura.com,Kaltura1!,inbar.willman@kaltura.com,Kaltura1!
test_4420,eSearch - Fields display in results - Single - Add to gallery - SR tab,2443872,mediaspace.kaltura.com,inbar.willman@kaltura.com,Kaltura1!,inbar.willman@kaltura.com,Kaltura1!
test_4421,eSearch - Fields display in results - Multiple - Add to gallery - SR tab,2443872,mediaspace.kaltura.com,inbar.willman@kaltura.com,Kaltura1!,inbar.willman@kaltura.com,Kaltura1!
test_4422,eSearch - Fields display in results - Single - channel - media tab,2443872,mediaspace.kaltura.com,inbar.willman@kaltura.com,Kaltura1!,inbar.willman@kaltura.com,Kaltura1!
test_4423,eSearch - Fields display in results - Multiple - channel - media tab,2443872,mediaspace.kaltura.com,inbar.willman@kaltura.com,Kaltura1!,inbar.willman@kaltura.com,Kaltura1!
test_4436,eSearch - Fields display in results - Search in entry page - Video,2443872,mediaspace.kaltura.com,inbar.willman@kaltura.com,Kaltura1!,inbar.willman@kaltura.com,Kaltura1!
test_4437,eSearch - Fields display in results - Search in entry page - Quiz,2443872,mediaspace.kaltura.com,inbar.willman@kaltura.com,Kaltura1!,inbar.willman@kaltura.com,Kaltura1!
test_4438,eSearch - Fields display in results - Search in entry page - Polls - webcast - Quiz,2443872,mediaspace.kaltura.com,inbar.willman@kaltura.com,Kaltura1!,inbar.willman@kaltura.com,Kaltura1!
test_4439,eSearch - Fields display in results - Search in entry page - Captions,2443872,mediaspace.kaltura.com,inbar.willman@kaltura.com,Kaltura1!,inbar.willman@kaltura.com,Kaltura1!
test_4051,eSearch - Filter by Captions - with search - My Media,2443872,mediaspace.kaltura.com,inbar.willman@kaltura.com,Kaltura1!,inbar.willman@kaltura.com,Kaltura1!
test_4440,eSearch - Filter by Captions - no search - My Media,2443872,mediaspace.kaltura.com,inbar.willman@kaltura.com,Kaltura1!,inbar.willman@kaltura.com,Kaltura1!
test_4441,eSearch - Filter by Captions - Dependency with other filters - My Media,2443872,mediaspace.kaltura.com,inbar.willman@kaltura.com,Kaltura1!,inbar.willman@kaltura.com,Kaltura1!
test_4442,eSearch - Filter by Captions - with search - Channel page - media tab,2443872,mediaspace.kaltura.com,inbar.willman@kaltura.com,Kaltura1!,inbar.willman@kaltura.com,Kaltura1!
test_4443,eSearch - Filter by Captions - no search - Channel page - media tab,2443872,mediaspace.kaltura.com,inbar.willman@kaltura.com,Kaltura1!,inbar.willman@kaltura.com,Kaltura1!
test_4444,eSearch - Filter by Captions - with search - Category page - media tab,2443872,mediaspace.kaltura.com,inbar.willman@kaltura.com,Kaltura1!,inbar.willman@kaltura.com,Kaltura1!
test_4445,eSearch - Filter by Captions - no search - Category page - media tab,2443872,mediaspace.kaltura.com,inbar.willman@kaltura.com,Kaltura1!,inbar.willman@kaltura.com,Kaltura1!
test_4446,Filter by Captions - with search - Global page,2443872,mediaspace.kaltura.com,inbar.willman@kaltura.com,Kaltura1!,inbar.willman@kaltura.com,Kaltura1!
test_4447,Filter by Captions - with search - Channel page - pending tab,2443872,mediaspace.kaltura.com,inbar.willman@kaltura.com,Kaltura1!,admin,123456
test_4448,Filter by Captions - no search - Channel page - pending tab,2443872,mediaspace.kaltura.com,inbar.willman@kaltura.com,Kaltura1!,admin,123456
test_4449,Filter by Captions - with search - Category page - pending tab,2443872,mediaspace.kaltura.com,inbar.willman@kaltura.com,Kaltura1!,admin,123456
test_4450,Filter by Captions - no search - Category page - pending tab,2443872,mediaspace.kaltura.com,inbar.willman@kaltura.com,Kaltura1!,admin,123456
test_4451,Filter by Captions - with search - Add new quiz,2443872,mediaspace.kaltura.com,inbar.willman@kaltura.com,Kaltura1!,inbar.willman@kaltura.com,Kaltura1!
test_4452,Filter by Captions - no search - Add new quiz,2443872,mediaspace.kaltura.com,inbar.willman@kaltura.com,Kaltura1!,inbar.willman@kaltura.com,Kaltura1!
test_4453,Filter by Captions - with search - Add to channel - My Media tab,2443872,mediaspace.kaltura.com,inbar.willman@kaltura.com,Kaltura1!,inbar.willman@kaltura.com,Kaltura1!
test_4454,Filter by Captions - no search - Add to channel - SR tab,2443872,mediaspace.kaltura.com,inbar.willman@kaltura.com,Kaltura1!,inbar.willman@kaltura.com,Kaltura1!
test_4456,Filter by Captions - no search - Add to channel - My Media tab,2443872,mediaspace.kaltura.com,inbar.willman@kaltura.com,Kaltura1!,inbar.willman@kaltura.com,Kaltura1!
test_4457,Filter by Captions - with search - Add to channel - SR tab,2443872,mediaspace.kaltura.com,inbar.willman@kaltura.com,Kaltura1!,inbar.willman@kaltura.com,Kaltura1!
test_4459,Filter by Captions - with search - Add to Gallery - SR tab,2443872,mediaspace.kaltura.com,inbar.willman@kaltura.com,Kaltura1!,inbar.willman@kaltura.com,Kaltura1!
test_4460,Filter by Captions - no search - Add to Gallery - SR tab,2443872,mediaspace.kaltura.com,inbar.willman@kaltura.com,Kaltura1!,inbar.willman@kaltura.com,Kaltura1!
test_4461,Filter by Captions - with search - Add to Gallery - My media tab,2443872,mediaspace.kaltura.com,inbar.willman@kaltura.com,Kaltura1!,inbar.willman@kaltura.com,Kaltura1!
test_4462,Filter by Captions - no search - Add to Gallery - My media tab,2443872,mediaspace.kaltura.com,inbar.willman@kaltura.com,Kaltura1!,inbar.willman@kaltura.com,Kaltura1!
test_4463,Filter by Duration - Dependency with other filters - My Media,2443872,mediaspace.kaltura.com,inbar.willman@kaltura.com,Kaltura1!,inbar.willman@kaltura.com,Kaltura1!
test_4464,Filter by Duration - Global Page,2443872,mediaspace.kaltura.com,inbar.willman@kaltura.com,Kaltura1!,inbar.willman@kaltura.com,Kaltura1!
test_4466,Filter by Duration - with search - Channel page - media tab,2443872,mediaspace.kaltura.com,inbar.willman@kaltura.com,Kaltura1!,inbar.willman@kaltura.com,Kaltura1!
test_4467,Filter by Duration - no search - Channel page - media tab,2443872,mediaspace.kaltura.com,inbar.willman@kaltura.com,Kaltura1!,inbar.willman@kaltura.com,Kaltura1!
test_4468,Filter by Duration - no search - Category page - pending tab,2443872,mediaspace.kaltura.com,inbar.willman@kaltura.com,Kaltura1!,admin,123456
test_4469,Filter by Duration - with search - Category page - media tab,2443872,mediaspace.kaltura.com,inbar.willman@kaltura.com,Kaltura1!,inbar.willman@kaltura.com,Kaltura1!
test_4470,Filter by Duration - no search - Category page - media tab,2443872,mediaspace.kaltura.com,inbar.willman@kaltura.com,Kaltura1!,inbar.willman@kaltura.com,Kaltura1!
test_4471,Filter by Duration - with search - Category page - pending tab,2443872,mediaspace.kaltura.com,inbar.willman@kaltura.com,Kaltura1!,admin,123456
test_4472,Filter by Duration - with search - Add new quiz,2443872,mediaspace.kaltura.com,inbar.willman@kaltura.com,Kaltura1!,inbar.willman@kaltura.com,Kaltura1!
test_4473,Filter by Duration - no search - Add new quiz,2443872,mediaspace.kaltura.com,inbar.willman@kaltura.com,Kaltura1!,inbar.willman@kaltura.com,Kaltura1!
test_4474,Filter by Duration - with search - Add to channel - My Media tab,2443872,mediaspace.kaltura.com,inbar.willman@kaltura.com,Kaltura1!,inbar.willman@kaltura.com,Kaltura1!
test_4475,Filter by Duration - no search - Add to channel - My Media tab,2443872,mediaspace.kaltura.com,inbar.willman@kaltura.com,Kaltura1!,inbar.willman@kaltura.com,Kaltura1!
test_4476,Filter by Duration - with search - Add to channel - SR tab,2443872,mediaspace.kaltura.com,inbar.willman@kaltura.com,Kaltura1!,inbar.willman@kaltura.com,Kaltura1!
test_4477,Filter by Duration - no search - Add to channel - SR Tab,2443872,mediaspace.kaltura.com,inbar.willman@kaltura.com,Kaltura1!,inbar.willman@kaltura.com,Kaltura1!
test_4478,Filter by Duration - with search - Add to Gallery - SR tab,2443872,mediaspace.kaltura.com,inbar.willman@kaltura.com,Kaltura1!,inbar.willman@kaltura.com,Kaltura1!
test_4479,Filter by Duration - no search - Add to Gallery - SR Tab,2443872,mediaspace.kaltura.com,inbar.willman@kaltura.com,Kaltura1!,inbar.willman@kaltura.com,Kaltura1!
test_4480,Filter by Duration - with search - Add to Gallery - My media tab,2443872,mediaspace.kaltura.com,inbar.willman@kaltura.com,Kaltura1!,inbar.willman@kaltura.com,Kaltura1!
test_4481,Filter by Duration - no search - Add to Gallery - My media tab,2443872,mediaspace.kaltura.com,inbar.willman@kaltura.com,Kaltura1!,inbar.willman@kaltura.com,Kaltura1!
test_4484,Filter by Scheduling - Depedency with other filters - My Media,2443872,mediaspace.kaltura.com,inbar.willman@kaltura.com,Kaltura1!,inbar.willman@kaltura.com,Kaltura1!
test_4485,Filter by Scheduling - Global Page,2443872,mediaspace.kaltura.com,inbar.willman@kaltura.com,Kaltura1!,inbar.willman@kaltura.com,Kaltura1!
test_4486,Filter by Scheduling - with search - Channel page - media tab,2443872,mediaspace.kaltura.com,inbar.willman@kaltura.com,Kaltura1!,inbar.willman@kaltura.com,Kaltura1!
test_4487,Filter by Scheduling - no search - Channel page - media tab,2443872,mediaspace.kaltura.com,inbar.willman@kaltura.com,Kaltura1!,inbar.willman@kaltura.com,Kaltura1!
test_4488,Filter by Scheduling - with search - Category page - media tab,2443872,mediaspace.kaltura.com,inbar.willman@kaltura.com,Kaltura1!,inbar.willman@kaltura.com,Kaltura1!
test_4489,Filter by Scheduling - no search - Category page - media tab,2443872,mediaspace.kaltura.com,inbar.willman@kaltura.com,Kaltura1!,inbar.willman@kaltura.com,Kaltura1!
test_4490,Filter by Scheduling - with search - Category page - pending tab,2443872,mediaspace.kaltura.com,inbar.willman@kaltura.com,Kaltura1!,inbar.willman@kaltura.com,Kaltura1!
test_4491,Filter by Scheduling - no search - Category page - pending tab,2443872,mediaspace.kaltura.com,inbar.willman@kaltura.com,Kaltura1!,inbar.willman@kaltura.com,Kaltura1!
test_4492,Filter by Scheduling - with search - Add new quiz,2443872,mediaspace.kaltura.com,inbar.willman@kaltura.com,Kaltura1!,inbar.willman@kaltura.com,Kaltura1!
test_4493,Filter by Scheduling - no search - Add new quiz,2443872,mediaspace.kaltura.com,inbar.willman@kaltura.com,Kaltura1!,inbar.willman@kaltura.com,Kaltura1!
test_4494,Filter by Scheduling - with search - Add to channel - My Media tab,2443872,mediaspace.kaltura.com,inbar.willman@kaltura.com,Kaltura1!,inbar.willman@kaltura.com,Kaltura1!
test_4495,Filter by Scheduling - no search - Add to channel - My Media tab,2443872,mediaspace.kaltura.com,inbar.willman@kaltura.com,Kaltura1!,inbar.willman@kaltura.com,Kaltura1!
test_4496,Filter by Scheduling - with search - Add to Gallery - My media tab,2443872,mediaspace.kaltura.com,inbar.willman@kaltura.com,Kaltura1!,inbar.willman@kaltura.com,Kaltura1!
test_4497,Filter by Scheduling - no search - Add to Gallery - My media tab,2443872,mediaspace.kaltura.com,inbar.willman@kaltura.com,Kaltura1!,inbar.willman@kaltura.com,Kaltura1!
test_4498,Filter by Scheduling - with search - Add to channel - SR tab,2443872,mediaspace.kaltura.com,inbar.willman@kaltura.com,Kaltura1!,inbar.willman@kaltura.com,Kaltura1!
test_4499,Filter by Scheduling - no search - Add to channel - SR tab,2443872,mediaspace.kaltura.com,inbar.willman@kaltura.com,Kaltura1!,inbar.willman@kaltura.com,Kaltura1!
test_4500,Filter by Scheduling - with search - Add to Gallery - SR tab,2443872,mediaspace.kaltura.com,inbar.willman@kaltura.com,Kaltura1!,inbar.willman@kaltura.com,Kaltura1!
test_4501,Filter by Scheduling - no search - Add to Gallery - SR tab,2443872,mediaspace.kaltura.com,inbar.willman@kaltura.com,Kaltura1!,inbar.willman@kaltura.com,Kaltura1!
test_1,Setup test for eSearch,2443872,mediaspace.kaltura.com,inbar.willman@kaltura.com,Kaltura1!,inbar.willman@kaltura.com,Kaltura1!
test_2,Setup test for eSearch,2443872,mediaspace.kaltura.com,inbar.willman@kaltura.com,Kaltura1!,inbar.willman@kaltura.com,Kaltura1!
test_3,Setup test for eSearch,2443872,mediaspace.kaltura.com,inbar.willman@kaltura.com,Kaltura1!,inbar.willman@kaltura.com,Kaltura1!
test_4,Setup test for eSearch,2443872,mediaspace.kaltura.com,inbar.willman@kaltura.com,Kaltura1!,inbar.willman@kaltura.com,Kaltura1!
test_5,Setup test for eSearch,2443872,mediaspace.kaltura.com,inbar.willman@kaltura.com,Kaltura1!,inbar.willman@kaltura.com,Kaltura1!
test_6,Setup test for eSearch,2443872,mediaspace.kaltura.com,inbar.willman@kaltura.com,Kaltura1!,inbar.willman@kaltura.com,Kaltura1!
test_7,Setup test for eSearch,2443872,mediaspace.kaltura.com,inbar.willman@kaltura.com,Kaltura1!,inbar.willman@kaltura.com,Kaltura1!
test_8,Setup test for eSearch,2443872,mediaspace.kaltura.com,inbar.willman@kaltura.com,Kaltura1!,inbar.willman@kaltura.com,Kaltura1!
test_9,Setup test for eSearch,2443872,mediaspace.kaltura.com,inbar.willman@kaltura.com,Kaltura1!,inbar.willman@kaltura.com,Kaltura1!
test_11,Setup test for eSearch,2443872,mediaspace.kaltura.com,inbar.willman@kaltura.com,Kaltura1!,inbar.willman@kaltura.com,Kaltura1!
test_12,Setup test for eSearch,2443872,mediaspace.kaltura.com,inbar.willman@kaltura.com,Kaltura1!,inbar.willman@kaltura.com,Kaltura1!
test_13,Setup test for eSearch,2443872,mediaspace.kaltura.com,inbar.willman@kaltura.com,Kaltura1!,inbar.willman@kaltura.com,Kaltura1!
test_14,Setup test for eSearch,2443872,mediaspace.kaltura.com,inbar.willman@kaltura.com,Kaltura1!,inbar.willman@kaltura.com,Kaltura1!
test_15,Setup test for eSearch,2443872,mediaspace.kaltura.com,inbar.willman@kaltura.com,Kaltura1!,inbar.willman@kaltura.com,Kaltura1!
test_16,Setup test for eSearch,2443872,mediaspace.kaltura.com,inbar.willman@kaltura.com,Kaltura1!,inbar.willman@kaltura.com,Kaltura1!
test_17,Setup test for eSearch,2443872,mediaspace.kaltura.com,inbar.willman@kaltura.com,Kaltura1!,inbar.willman@kaltura.com,Kaltura1!
test_18,Setup test for eSearch,2443872,mediaspace.kaltura.com,inbar.willman@kaltura.com,Kaltura1!,inbar.willman@kaltura.com,Kaltura1!
test_19,Setup test for eSearch,2443872,mediaspace.kaltura.com,inbar.willman@kaltura.com,Kaltura1!,inbar.willman@kaltura.com,Kaltura1!
test_20,Setup test for eSearch,2443872,mediaspace.kaltura.com,inbar.willman@kaltura.com,Kaltura1!,inbar.willman@kaltura.com,Kaltura1!
